<?xml version="1.0" encoding="UTF-8" standalone="yes"?>
<addon id="plugin.video.fantasticc"
       name="Fantasti.cc"
       version="2.3.19"
       provider-name="xbmc-adult">
    <requires>
        <import addon="xbmc.python" version="1.0"/>
        <import addon="script.module.pil"/>
    </requires>
    <extension point="xbmc.python.pluginsource"
               library="default.py">
        <provides>video</provides>
    </extension>
    <extension point="xbmc.addon.metadata">
        <platform>all</platform>
        <license>GPL 2.0</license>
        <summary lang="en">Fantasti.cc -  Browse videos from a site that aggregates the best porn videos online using the votes of users as the deciding factor</summary>
        <description lang="en">Browse collections (user designed categories) as well as the most popular videos today/week/month as decided by the users of the site</description>
    </extension>
</addon>
